agr_group,label,M,SE,n
High agreeableness,None,3.723529411764706,0.12644043821598436,136
High agreeableness,New,3.860294117647059,0.1388298413505428,136
High agreeableness,Recommended,4.076470588235294,0.13215259588542597,136
Low agreeableness,None,3.8596153846153847,0.14650215463301494,104
Low agreeableness,New,3.769230769230769,0.14972639300247872,104
Low agreeableness,Recommended,3.6346153846153846,0.14587794799393394,104
