contrast,estimate,SE,df,lower.CL,upper.CL,t.ratio,p.value
Recommended - None,0.07444633693858622,0.11059931264603982,596.8627999766677,-0.14276479454777702,0.2916574684249495,0.6731175371482011,0.5011330535191602
Recommended - New,0.06086283347836792,0.11041394571263449,596.3013299443301,-0.15598466213590428,0.27771032909264015,0.5512241509489275,0.5816865031134462
