label,n,M,SD
None,240,3.7825,1.4814423877144727
New,240,3.8208333333333333,1.577158921920371
Recommended,240,3.885,1.5308624199953358
